time stamp,fashion,electronics,beauty,kitchen & home,tools,sports,groceries
1/1/2023 0:00,0.044372,0.047641,0.044372,0.04951,0.044372,0.044372,0.044372
1/2/2023 0:00,0.050444,0.044839,0.050444,0.052312,0.050444,0.050444,0.050444
1/3/2023 0:00,0.050444,0.059785,0.050444,0.046707,0.050444,0.050444,0.050444
1/4/2023 0:00,0.043438,0.062588,0.043438,0.05745,0.043438,0.043438,0.043438
1/5/2023 0:00,0.066791,0.063989,0.066791,0.055582,0.066791,0.066791,0.066791
1/6/2023 0:00,0.069127,0.088277,0.069127,0.077534,0.069127,0.069127,0.069127
1/7/2023 0:00,0.070061,0.1135,0.070061,0.094348,0.070061,0.070061,0.070061
1/8/2023 0:00,0.09575,0.12284,0.09575,0.097151,0.09575,0.09575,0.09575
1/9/2023 0:00,0.079869,0.12518,0.079869,0.10743,0.079869,0.079869,0.079869
1/10/2023 0:00,0.1121,0.13825,0.1121,0.12424,0.1121,0.1121,0.1121
1/11/2023 0:00,0.11443,0.16114,0.11443,0.17188,0.11443,0.11443,0.11443
1/12/2023 0:00,0.13405,0.15507,0.13405,0.1574,0.13405,0.13405,0.13405
1/13/2023 0:00,0.12564,0.16861,0.12564,0.16815,0.12564,0.12564,0.12564
1/14/2023 0:00,0.12471,0.14806,0.12471,0.19103,0.12471,0.12471,0.12471
1/15/2023 0:00,0.12144,0.19383,0.12144,0.20084,0.12144,0.12144,0.12144
1/16/2023 0:00,0.13638,0.15413,0.13638,0.19383,0.13638,0.13638,0.13638
1/17/2023 0:00,0.13825,0.13125,0.13825,0.16534,0.13825,0.13825,0.13825
1/18/2023 0:00,0.13171,0.18309,0.13171,0.19477,0.13171,0.13171,0.13171
1/19/2023 0:00,0.1546,0.156,0.1546,0.19851,0.1546,0.1546,0.1546
1/20/2023 0:00,0.12377,0.1546,0.12377,0.17795,0.12377,0.12377,0.12377
1/21/2023 0:00,0.12704,0.16815,0.12704,0.20411,0.12704,0.12704,0.12704
1/22/2023 0:00,0.14526,0.16161,0.14526,0.18916,0.14526,0.14526,0.14526
1/23/2023 0:00,0.14246,0.19524,0.14246,0.23307,0.14246,0.14246,0.14246
1/24/2023 0:00,0.16114,0.19337,0.16114,0.24334,0.16114,0.16114,0.16114
1/25/2023 0:00,0.14666,0.22046,0.14666,0.22793,0.14666,0.14666,0.14666
1/26/2023 0:00,0.17936,0.24615,0.17936,0.24801,0.17936,0.17936,0.17936
1/27/2023 0:00,0.18449,0.26063,0.18449,0.29846,0.18449,0.18449,0.18449
1/28/2023 0:00,0.21065,0.24054,0.21065,0.32695,0.21065,0.21065,0.21065
1/29/2023 0:00,0.18262,0.27557,0.18262,0.30033,0.18262,0.18262,0.18262
1/30/2023 0:00,0.21345,0.25222,0.21345,0.30733,0.21345,0.21345,0.21345
1/31/2023 0:00,0.23073,0.2667,0.23073,0.32602,0.23073,0.23073,0.23073
2/1/2023 0:00,0.22653,0.28538,0.22653,0.36105,0.22653,0.22653,0.22653
2/2/2023 0:00,0.25829,0.30266,0.25829,0.35684,0.25829,0.25829,0.25829
2/3/2023 0:00,0.24988,0.30266,0.24988,0.37926,0.24988,0.24988,0.24988
2/4/2023 0:00,0.24942,0.30079,0.24942,0.39187,0.24942,0.24942,0.24942
2/5/2023 0:00,0.26576,0.31154,0.26576,0.39468,0.26576,0.26576,0.26576
2/6/2023 0:00,0.23447,0.28538,0.23447,0.39234,0.23447,0.23447,0.23447
2/7/2023 0:00,0.24848,0.29706,0.24848,0.39935,0.24848,0.24848,0.24848
2/8/2023 0:00,0.2256,0.33582,0.2256,0.37039,0.2256,0.2256,0.2256
2/9/2023 0:00,0.24475,0.31154,0.24475,0.35965,0.24475,0.24475,0.24475
2/10/2023 0:00,0.25549,0.32181,0.25549,0.40729,0.25549,0.25549,0.25549
2/11/2023 0:00,0.23167,0.29752,0.23167,0.42036,0.23167,0.23167,0.23167
2/12/2023 0:00,0.26716,0.29752,0.26716,0.41709,0.26716,0.26716,0.26716
2/13/2023 0:00,0.234,0.32135,0.234,0.40589,0.234,0.234,0.234
2/14/2023 0:00,0.25596,0.35077,0.25596,0.39468,0.25596,0.25596,0.25596
2/15/2023 0:00,0.24708,0.33209,0.24708,0.39608,0.24708,0.24708,0.24708
2/16/2023 0:00,0.28351,0.33022,0.28351,0.40635,0.28351,0.28351,0.28351
2/17/2023 0:00,0.25455,0.31574,0.25455,0.41523,0.25455,0.25455,0.25455
2/18/2023 0:00,0.24007,0.3022,0.24007,0.40075,0.24007,0.24007,0.24007
2/19/2023 0:00,0.25222,0.34003,0.25222,0.39,0.25222,0.25222,0.25222
2/20/2023 0:00,0.22186,0.312,0.22186,0.41289,0.22186,0.22186,0.22186
2/21/2023 0:00,0.25782,0.31761,0.25782,0.38393,0.25782,0.25782,0.25782
2/22/2023 0:00,0.24661,0.29519,0.24661,0.39141,0.24661,0.24661,0.24661
2/23/2023 0:00,0.25409,0.30827,0.25409,0.38113,0.25409,0.25409,0.25409
2/24/2023 0:00,0.24568,0.31621,0.24568,0.37693,0.24568,0.24568,0.24568
2/25/2023 0:00,0.22373,0.30873,0.22373,0.35357,0.22373,0.22373,0.22373
2/26/2023 0:00,0.24194,0.28865,0.24194,0.30406,0.24194,0.24194,0.24194
2/27/2023 0:00,0.23727,0.28912,0.23727,0.33769,0.23727,0.23727,0.23727
2/28/2023 0:00,0.26623,0.29752,0.26623,0.36011,0.26623,0.26623,0.26623
3/1/2023 0:00,0.25455,0.32088,0.25455,0.32882,0.25455,0.25455,0.25455
3/2/2023 0:00,0.23073,0.28958,0.23073,0.30033,0.23073,0.23073,0.23073
3/3/2023 0:00,0.24381,0.29145,0.24381,0.33442,0.24381,0.24381,0.24381
3/4/2023 0:00,0.24241,0.30079,0.24241,0.34376,0.24241,0.24241,0.24241
3/5/2023 0:00,0.21485,0.27931,0.21485,0.29612,0.21485,0.21485,0.21485
3/6/2023 0:00,0.21766,0.26436,0.21766,0.30873,0.21766,0.21766,0.21766
3/7/2023 0:00,0.23587,0.26576,0.23587,0.33769,0.23587,0.23587,0.23587
3/8/2023 0:00,0.20925,0.2695,0.20925,0.29005,0.20925,0.20925,0.20925
3/9/2023 0:00,0.20831,0.26203,0.20831,0.28865,0.20831,0.20831,0.20831
3/10/2023 0:00,0.20878,0.23961,0.20878,0.25782,0.20878,0.20878,0.20878
3/11/2023 0:00,0.21252,0.24615,0.21252,0.28585,0.21252,0.21252,0.21252
3/12/2023 0:00,0.21298,0.23027,0.21298,0.24194,0.21298,0.21298,0.21298
3/13/2023 0:00,0.19103,0.21812,0.19103,0.22186,0.19103,0.19103,0.19103
3/14/2023 0:00,0.1873,0.16908,0.1873,0.19057,0.1873,0.1873,0.1873
3/15/2023 0:00,0.16488,0.18216,0.16488,0.21439,0.16488,0.16488,0.16488
3/16/2023 0:00,0.15927,0.19851,0.15927,0.18916,0.15927,0.15927,0.15927
3/17/2023 0:00,0.17142,0.1873,0.17142,0.21579,0.17142,0.17142,0.17142
3/18/2023 0:00,0.15647,0.17702,0.15647,0.1929,0.15647,0.15647,0.15647
3/19/2023 0:00,0.18029,0.15974,0.18029,0.18916,0.18029,0.18029,0.18029
3/20/2023 0:00,0.16114,0.14713,0.16114,0.16628,0.16114,0.16114,0.16114
3/21/2023 0:00,0.1574,0.13638,0.1574,0.14993,0.1574,0.1574,0.1574
3/22/2023 0:00,0.12704,0.097618,0.12704,0.14246,0.12704,0.12704,0.12704
3/23/2023 0:00,0.11397,0.10743,0.11397,0.12004,0.11397,0.11397,0.11397
3/24/2023 0:00,0.11163,0.085007,0.11163,0.10229,0.11163,0.11163,0.11163
3/25/2023 0:00,0.087809,0.084073,0.087809,0.090145,0.087809,0.087809,0.087809
3/26/2023 0:00,0.078001,0.054647,0.078001,0.063522,0.078001,0.078001,0.078001
3/27/2023 0:00,0.063055,0.068192,0.063055,0.065857,0.063055,0.063055,0.063055
3/28/2023 0:00,0.065857,0.042971,0.065857,0.059318,0.065857,0.065857,0.065857
3/29/2023 0:00,0.056049,0.042971,0.056049,0.048108,0.056049,0.056049,0.056049
3/30/2023 0:00,0.04624,0.033162,0.04624,0.042971,0.04624,0.04624,0.04624
3/31/2023 0:00,0.049977,0.038767,0.049977,0.034096,0.049977,0.049977,0.049977
4/1/2023 0:00,0.041569,0.036432,0.041569,0.038767,0.041569,0.041569,0.041569
4/2/2023 0:00,0.042971,0.047174,0.042971,0.038767,0.042971,0.042971,0.042971
4/3/2023 0:00,0.031294,0.024755,0.031294,0.034563,0.031294,0.031294,0.031294
4/4/2023 0:00,0.036899,0.036899,0.036899,0.037366,0.036899,0.036899,0.036899
4/5/2023 0:00,0.036432,0.041569,0.036432,0.039701,0.036432,0.036432,0.036432
4/6/2023 0:00,0.038767,0.039701,0.038767,0.032695,0.038767,0.038767,0.038767
4/7/2023 0:00,0.031761,0.046707,0.031761,0.038767,0.031761,0.031761,0.031761
4/8/2023 0:00,0.034096,0.064923,0.034096,0.04951,0.034096,0.034096,0.034096
4/9/2023 0:00,0.041569,0.082672,0.041569,0.062121,0.041569,0.041569,0.041569
4/10/2023 0:00,0.044372,0.092947,0.044372,0.078001,0.044372,0.044372,0.044372
4/11/2023 0:00,0.064456,0.11537,0.064456,0.092013,0.064456,0.064456,0.064456
4/12/2023 0:00,0.077534,0.17795,0.077534,0.11957,0.077534,0.077534,0.077534
4/13/2023 0:00,0.12611,0.24334,0.12611,0.20458,0.12611,0.12611,0.12611
4/14/2023 0:00,0.15974,0.27837,0.15974,0.25549,0.15974,0.15974,0.15974
4/15/2023 0:00,0.17702,0.32135,0.17702,0.28071,0.17702,0.17702,0.17702
4/16/2023 0:00,0.26903,0.41289,0.26903,0.40822,0.26903,0.26903,0.26903
4/17/2023 0:00,0.28631,0.43531,0.28631,0.47688,0.28631,0.28631,0.28631
4/18/2023 0:00,0.30827,0.45119,0.30827,0.51004,0.30827,0.30827,0.30827
4/19/2023 0:00,0.27511,0.43438,0.27511,0.57029,0.27511,0.27511,0.27511
4/20/2023 0:00,0.28305,0.36198,0.28305,0.60439,0.28305,0.28305,0.28305
4/21/2023 0:00,0.30266,0.37506,0.30266,0.61607,0.30266,0.30266,0.30266
4/22/2023 0:00,0.32835,0.36011,0.32835,0.6539,0.32835,0.32835,0.32835
4/23/2023 0:00,0.28631,0.33069,0.28631,0.63615,0.28631,0.28631,0.28631
4/25/2023 0:00,0.21439,0.35684,0.21439,0.60159,0.21439,0.21439,0.21439
4/26/2023 0:00,0.24101,0.33536,0.24101,0.60579,0.24101,0.24101,0.24101
4/27/2023 0:00,0.20364,0.33909,0.20364,0.55815,0.20364,0.20364,0.20364
4/28/2023 0:00,0.2256,0.35778,0.2256,0.44372,0.2256,0.2256,0.2256
4/29/2023 0:00,0.24241,0.34143,0.24241,0.43718,0.24241,0.24241,0.24241
4/30/2023 0:00,0.20037,0.32648,0.20037,0.46287,0.20037,0.20037,0.20037
5/1/2023 0:00,0.26296,0.34236,0.26296,0.44138,0.26296,0.26296,0.26296
5/2/2023 0:00,0.23821,0.33816,0.23821,0.40915,0.23821,0.23821,0.23821
5/3/2023 0:00,0.24521,0.33302,0.24521,0.3517,0.24521,0.24521,0.24521
5/4/2023 0:00,0.24801,0.36245,0.24801,0.42457,0.24801,0.24801,0.24801
5/5/2023 0:00,0.24054,0.37132,0.24054,0.42597,0.24054,0.24054,0.24054
5/6/2023 0:00,0.23027,0.36011,0.23027,0.39047,0.23027,0.23027,0.23027
5/7/2023 0:00,0.25502,0.35451,0.25502,0.42504,0.25502,0.25502,0.25502
5/8/2023 0:00,0.27651,0.34376,0.27651,0.40822,0.27651,0.27651,0.27651
5/9/2023 0:00,0.22186,0.32275,0.22186,0.38767,0.22186,0.22186,0.22186
5/10/2023 0:00,0.21345,0.33723,0.21345,0.37646,0.21345,0.21345,0.21345
5/11/2023 0:00,0.1957,0.30173,0.1957,0.37179,0.1957,0.1957,0.1957
5/12/2023 0:00,0.1957,0.31527,0.1957,0.40962,0.1957,0.1957,0.1957
5/13/2023 0:00,0.22139,0.33162,0.22139,0.4213,0.22139,0.22139,0.22139
5/14/2023 0:00,0.20131,0.31854,0.20131,0.40402,0.20131,0.20131,0.20131
5/15/2023 0:00,0.20551,0.31667,0.20551,0.37693,0.20551,0.20551,0.20551
5/16/2023 0:00,0.21672,0.29939,0.21672,0.39701,0.21672,0.21672,0.21672
5/17/2023 0:00,0.23961,0.31854,0.23961,0.40075,0.23961,0.23961,0.23961
5/18/2023 0:00,0.21766,0.33022,0.21766,0.39187,0.21766,0.21766,0.21766
5/19/2023 0:00,0.2695,0.35077,0.2695,0.41102,0.2695,0.2695,0.2695
5/20/2023 0:00,0.25128,0.34003,0.25128,0.38347,0.25128,0.25128,0.25128
5/21/2023 0:00,0.23073,0.31154,0.23073,0.37459,0.23073,0.23073,0.23073
5/22/2023 0:00,0.29472,0.28865,0.29472,0.39187,0.29472,0.29472,0.29472
5/23/2023 0:00,0.28678,0.29659,0.28678,0.39794,0.28678,0.28678,0.28678
5/24/2023 0:00,0.28958,0.31434,0.28958,0.40635,0.28958,0.28958,0.28958
5/25/2023 0:00,0.25222,0.32742,0.25222,0.42784,0.25222,0.25222,0.25222
5/26/2023 0:00,0.30733,0.3078,0.30733,0.39047,0.30733,0.30733,0.30733
5/27/2023 0:00,0.29472,0.32321,0.29472,0.41896,0.29472,0.29472,0.29472
5/28/2023 0:00,0.25269,0.33489,0.25269,0.43531,0.25269,0.25269,0.25269
5/29/2023 0:00,0.2667,0.3461,0.2667,0.43624,0.2667,0.2667,0.2667
5/30/2023 0:00,0.24988,0.31808,0.24988,0.43858,0.24988,0.24988,0.24988
5/31/2023 0:00,0.28118,0.37085,0.28118,0.46801,0.28118,0.28118,0.28118
6/1/2023 0:00,0.25689,0.3433,0.25689,0.46614,0.25689,0.25689,0.25689
6/2/2023 0:00,0.27511,0.37132,0.27511,0.53713,0.27511,0.27511,0.27511
6/3/2023 0:00,0.26343,0.40028,0.26343,0.51144,0.26343,0.26343,0.26343
6/4/2023 0:00,0.30453,0.37132,0.30453,0.50163,0.30453,0.30453,0.30453
6/5/2023 0:00,0.24848,0.33489,0.24848,0.51051,0.24848,0.24848,0.24848
6/6/2023 0:00,0.25549,0.33816,0.25549,0.48482,0.25549,0.25549,0.25549
6/7/2023 0:00,0.25455,0.32321,0.25455,0.48202,0.25455,0.25455,0.25455
6/8/2023 0:00,0.27417,0.31574,0.27417,0.48435,0.27417,0.27417,0.27417
6/9/2023 0:00,0.25502,0.30687,0.25502,0.41196,0.25502,0.25502,0.25502
6/10/2023 0:00,0.21672,0.27043,0.21672,0.40168,0.21672,0.21672,0.21672
6/11/2023 0:00,0.20738,0.23821,0.20738,0.3503,0.20738,0.20738,0.20738
6/12/2023 0:00,0.21205,0.23447,0.21205,0.29706,0.21205,0.21205,0.21205
6/13/2023 0:00,0.20037,0.20364,0.20037,0.28211,0.20037,0.20037,0.20037
6/14/2023 0:00,0.20551,0.19897,0.20551,0.25689,0.20551,0.20551,0.20551
6/15/2023 0:00,0.18309,0.17795,0.18309,0.23447,0.18309,0.18309,0.18309
6/16/2023 0:00,0.19524,0.16301,0.19524,0.22092,0.19524,0.19524,0.19524
6/17/2023 0:00,0.17889,0.16534,0.17889,0.21532,0.17889,0.17889,0.17889
6/18/2023 0:00,0.17375,0.17468,0.17375,0.20411,0.17375,0.17375,0.17375
6/19/2023 0:00,0.1873,0.16021,0.1873,0.21999,0.1873,0.1873,0.1873
6/20/2023 0:00,0.20878,0.16861,0.20878,0.24241,0.20878,0.20878,0.20878
6/21/2023 0:00,0.19897,0.1901,0.19897,0.21579,0.19897,0.19897,0.19897
6/22/2023 0:00,0.17422,0.16441,0.17422,0.19851,0.17422,0.17422,0.17422
6/23/2023 0:00,0.17235,0.14526,0.17235,0.18309,0.17235,0.17235,0.17235
6/24/2023 0:00,0.17422,0.13265,0.17422,0.19851,0.17422,0.17422,0.17422
6/25/2023 0:00,0.14853,0.13498,0.14853,0.1574,0.14853,0.14853,0.14853
6/26/2023 0:00,0.14386,0.10416,0.14386,0.14339,0.14386,0.14386,0.14386
6/27/2023 0:00,0.10556,0.08454,0.10556,0.13405,0.10556,0.10556,0.10556
6/28/2023 0:00,0.13265,0.08127,0.13265,0.11677,0.13265,0.13265,0.13265
6/29/2023 0:00,0.092947,0.075199,0.092947,0.098085,0.092947,0.092947,0.092947
6/30/2023 0:00,0.078001,0.068192,0.078001,0.085474,0.078001,0.078001,0.078001
7/1/2023 0:00,0.069127,0.045773,0.069127,0.056516,0.069127,0.069127,0.069127
7/2/2023 0:00,0.056049,0.050911,0.056049,0.057917,0.056049,0.056049,0.056049
7/3/2023 0:00,0.059318,0.041102,0.059318,0.039701,0.059318,0.059318,0.059318
7/4/2023 0:00,0.050911,0.03503,0.050911,0.037833,0.050911,0.050911,0.050911
7/5/2023 0:00,0.051378,0.039234,0.051378,0.035497,0.051378,0.051378,0.051378
7/6/2023 0:00,0.034563,0.036432,0.034563,0.031761,0.034563,0.034563,0.034563
7/7/2023 0:00,0.042504,0.028491,0.042504,0.029893,0.042504,0.042504,0.042504
7/8/2023 0:00,0.026156,0.017749,0.026156,0.02709,0.026156,0.026156,0.026156
7/9/2023 0:00,0.01915,0.037833,0.01915,0.012144,0.01915,0.01915,0.01915
7/10/2023 0:00,0.042036,0.031761,0.042036,0.055582,0.042036,0.042036,0.042036
7/11/2023 0:00,0.025222,0.035497,0.025222,0.025689,0.025222,0.025222,0.025222
7/12/2023 0:00,0.03036,0.031761,0.03036,0.038767,0.03036,0.03036,0.03036
7/13/2023 0:00,0.024755,0.050444,0.024755,0.031761,0.024755,0.024755,0.024755
7/14/2023 0:00,0.034563,0.052312,0.034563,0.043438,0.034563,0.034563,0.034563
7/15/2023 0:00,0.046707,0.078001,0.046707,0.058384,0.046707,0.046707,0.046707
7/16/2023 0:00,0.052779,0.10509,0.052779,0.078468,0.052779,0.052779,0.052779
7/17/2023 0:00,0.057917,0.1205,0.057917,0.081738,0.057917,0.057917,0.057917
7/18/2023 0:00,0.088277,0.16815,0.088277,0.1163,0.088277,0.088277,0.088277
7/19/2023 0:00,0.12377,0.21952,0.12377,0.18356,0.12377,0.12377,0.12377
7/20/2023 0:00,0.16021,0.24148,0.16021,0.24988,0.16021,0.16021,0.16021
7/21/2023 0:00,0.17655,0.27837,0.17655,0.25689,0.17655,0.17655,0.17655
7/22/2023 0:00,0.24381,0.4199,0.24381,0.36525,0.24381,0.24381,0.24381
7/23/2023 0:00,0.31574,0.42784,0.31574,0.46847,0.31574,0.31574,0.31574
7/24/2023 0:00,0.35217,0.47314,0.35217,0.52078,0.35217,0.35217,0.35217
7/25/2023 0:00,0.37319,0.43157,0.37319,0.60299,0.37319,0.37319,0.37319
7/26/2023 0:00,0.38954,0.41429,0.38954,0.66651,0.38954,0.38954,0.38954
7/27/2023 0:00,0.39187,0.39888,0.39187,0.66558,0.39187,0.39187,0.39187
7/28/2023 0:00,0.35077,0.3503,0.35077,0.69921,0.35077,0.35077,0.35077
7/29/2023 0:00,0.35778,0.28024,0.35778,0.72349,0.35778,0.35778,0.35778
7/30/2023 0:00,0.36759,0.38393,0.36759,0.68286,0.36759,0.36759,0.36759
7/31/2023 0:00,0.35311,0.34984,0.35311,0.67539,0.35311,0.35311,0.35311
8/1/2023 0:00,0.37646,0.36151,0.37646,0.68099,0.37646,0.37646,0.37646
8/2/2023 0:00,0.31527,0.37599,0.31527,0.66838,0.31527,0.31527,0.31527
8/3/2023 0:00,0.2737,0.36525,0.2737,0.63942,0.2737,0.2737,0.2737
8/4/2023 0:00,0.26296,0.40215,0.26296,0.56282,0.26296,0.26296,0.26296
8/5/2023 0:00,0.21625,0.38814,0.21625,0.52312,0.21625,0.21625,0.21625
8/6/2023 0:00,0.25455,0.39608,0.25455,0.42971,0.25455,0.25455,0.25455
8/7/2023 0:00,0.24007,0.3802,0.24007,0.47501,0.24007,0.24007,0.24007
8/8/2023 0:00,0.24801,0.37366,0.24801,0.48015,0.24801,0.24801,0.24801
8/9/2023 0:00,0.29239,0.36759,0.29239,0.45866,0.29239,0.29239,0.29239
8/10/2023 0:00,0.26343,0.33629,0.26343,0.41896,0.26343,0.26343,0.26343
8/11/2023 0:00,0.27978,0.32555,0.27978,0.43811,0.27978,0.27978,0.27978
8/12/2023 0:00,0.21999,0.35778,0.21999,0.4227,0.21999,0.21999,0.21999
8/13/2023 0:00,0.18963,0.32882,0.18963,0.39234,0.18963,0.18963,0.18963
8/14/2023 0:00,0.18403,0.33723,0.18403,0.37646,0.18403,0.18403,0.18403
8/15/2023 0:00,0.20458,0.31667,0.20458,0.37085,0.20458,0.20458,0.20458
8/16/2023 0:00,0.20084,0.33022,0.20084,0.45726,0.20084,0.20084,0.20084
8/17/2023 0:00,0.21532,0.3503,0.21532,0.43578,0.21532,0.21532,0.21532
8/18/2023 0:00,0.21485,0.33255,0.21485,0.4199,0.21485,0.21485,0.21485
8/19/2023 0:00,0.21298,0.31621,0.21298,0.4269,0.21298,0.21298,0.21298
8/20/2023 0:00,0.23961,0.33676,0.23961,0.40589,0.23961,0.23961,0.23961
8/21/2023 0:00,0.21906,0.29566,0.21906,0.38767,0.21906,0.21906,0.21906
8/22/2023 0:00,0.24194,0.28818,0.24194,0.39047,0.24194,0.24194,0.24194
8/23/2023 0:00,0.23073,0.29332,0.23073,0.38954,0.23073,0.23073,0.23073
8/24/2023 0:00,0.24381,0.30733,0.24381,0.41476,0.24381,0.24381,0.24381
8/25/2023 0:00,0.25502,0.29052,0.25502,0.4283,0.25502,0.25502,0.25502
8/26/2023 0:00,0.25502,0.3036,0.25502,0.3886,0.25502,0.25502,0.25502
8/27/2023 0:00,0.25128,0.29659,0.25128,0.39888,0.25128,0.25128,0.25128
8/28/2023 0:00,0.25596,0.32135,0.25596,0.40121,0.25596,0.25596,0.25596
8/29/2023 0:00,0.24007,0.29566,0.24007,0.39094,0.24007,0.24007,0.24007
8/30/2023 0:00,0.21065,0.31808,0.21065,0.37366,0.21065,0.21065,0.21065
8/31/2023 0:00,0.23354,0.31621,0.23354,0.40682,0.23354,0.23354,0.23354
9/1/2023 0:00,0.24194,0.31948,0.24194,0.44045,0.24194,0.24194,0.24194
9/2/2023 0:00,0.25035,0.33302,0.25035,0.41943,0.25035,0.25035,0.25035
9/3/2023 0:00,0.28912,0.33816,0.28912,0.43998,0.28912,0.28912,0.28912
9/4/2023 0:00,0.29332,0.35871,0.29332,0.48248,0.29332,0.29332,0.29332
9/5/2023 0:00,0.30313,0.37085,0.30313,0.49977,0.30313,0.30313,0.30313
9/6/2023 0:00,0.2695,0.36945,0.2695,0.49696,0.2695,0.2695,0.2695
9/7/2023 0:00,0.26623,0.37693,0.26623,0.46474,0.26623,0.26623,0.26623
9/8/2023 0:00,0.25596,0.39701,0.25596,0.51752,0.25596,0.25596,0.25596
9/9/2023 0:00,0.21906,0.35077,0.21906,0.50911,0.21906,0.21906,0.21906
9/10/2023 0:00,0.1943,0.36058,0.1943,0.4582,0.1943,0.1943,0.1943
9/11/2023 0:00,0.22092,0.32088,0.22092,0.45773,0.22092,0.22092,0.22092
9/12/2023 0:00,0.25175,0.29939,0.25175,0.4666,0.25175,0.25175,0.25175
9/13/2023 0:00,0.21719,0.31481,0.21719,0.42036,0.21719,0.21719,0.21719
9/14/2023 0:00,0.20224,0.28585,0.20224,0.39935,0.20224,0.20224,0.20224
9/15/2023 0:00,0.23447,0.23821,0.23447,0.37272,0.23447,0.23447,0.23447
9/16/2023 0:00,0.23213,0.26249,0.23213,0.3433,0.23213,0.23213,0.23213
9/17/2023 0:00,0.20831,0.20738,0.20831,0.30546,0.20831,0.20831,0.20831
9/18/2023 0:00,0.20925,0.21859,0.20925,0.29706,0.20925,0.20925,0.20925
9/19/2023 0:00,0.1971,0.18076,0.1971,0.28538,0.1971,0.1971,0.1971
9/20/2023 0:00,0.21625,0.1971,0.21625,0.27884,0.21625,0.21625,0.21625
9/21/2023 0:00,0.17936,0.17702,0.17936,0.24615,0.17936,0.17936,0.17936
9/22/2023 0:00,0.19477,0.18356,0.19477,0.24848,0.19477,0.19477,0.19477
9/23/2023 0:00,0.17235,0.17609,0.17235,0.25269,0.17235,0.17235,0.17235
9/24/2023 0:00,0.17095,0.1915,0.17095,0.22279,0.17095,0.17095,0.17095
9/25/2023 0:00,0.18356,0.15507,0.18356,0.21439,0.18356,0.18356,0.18356
9/26/2023 0:00,0.149,0.149,0.149,0.19103,0.149,0.149,0.149
9/27/2023 0:00,0.15227,0.14152,0.15227,0.18776,0.15227,0.15227,0.15227
9/28/2023 0:00,0.15507,0.13218,0.15507,0.20084,0.15507,0.15507,0.15507
9/29/2023 0:00,0.14479,0.13498,0.14479,0.17188,0.14479,0.14479,0.14479
9/30/2023 0:00,0.12658,0.093414,0.12658,0.16628,0.12658,0.12658,0.12658
10/1/2023 0:00,0.11864,0.093414,0.11864,0.12424,0.11864,0.11864,0.11864
10/2/2023 0:00,0.10789,0.078001,0.10789,0.11957,0.10789,0.10789,0.10789
10/3/2023 0:00,0.085007,0.077067,0.085007,0.10042,0.085007,0.085007,0.085007
10/4/2023 0:00,0.078468,0.054647,0.078468,0.081738,0.078468,0.078468,0.078468
10/5/2023 0:00,0.070995,0.063055,0.070995,0.071462,0.070995,0.070995,0.070995
10/6/2023 0:00,0.059785,0.054647,0.059785,0.072863,0.059785,0.059785,0.059785
10/7/2023 0:00,0.044839,0.035497,0.044839,0.04951,0.044839,0.044839,0.044839
10/8/2023 0:00,0.044372,0.03036,0.044372,0.047641,0.044372,0.044372,0.044372
10/9/2023 0:00,0.047641,0.033162,0.047641,0.037366,0.047641,0.047641,0.047641
10/10/2023 0:00,0.0383,0.032228,0.0383,0.043438,0.0383,0.0383,0.0383
10/11/2023 0:00,0.028024,0.021485,0.028024,0.024755,0.028024,0.028024,0.028024
10/12/2023 0:00,0.024755,0.020084,0.024755,0.029893,0.024755,0.024755,0.024755
10/13/2023 0:00,0.025689,0.025222,0.025689,0.028024,0.025689,0.025689,0.025689
10/14/2023 0:00,0.028024,0.035497,0.028024,0.03036,0.028024,0.028024,0.028024
10/15/2023 0:00,0.020084,0.032695,0.020084,0.021952,0.020084,0.020084,0.020084
10/16/2023 0:00,0.034563,0.038767,0.034563,0.03503,0.034563,0.034563,0.034563
10/17/2023 0:00,0.023821,0.050911,0.023821,0.03503,0.023821,0.023821,0.023821
10/18/2023 0:00,0.041569,0.04951,0.041569,0.041569,0.041569,0.041569,0.041569
10/19/2023 0:00,0.045306,0.079402,0.045306,0.066324,0.045306,0.045306,0.045306
10/20/2023 0:00,0.05418,0.096684,0.05418,0.071929,0.05418,0.05418,0.05418
10/21/2023 0:00,0.058851,0.10322,0.058851,0.098552,0.058851,0.058851,0.058851
10/22/2023 0:00,0.091546,0.13965,0.091546,0.11583,0.091546,0.091546,0.091546
10/23/2023 0:00,0.13171,0.21485,0.13171,0.20785,0.13171,0.13171,0.13171
10/24/2023 0:00,0.16348,0.27744,0.16348,0.2653,0.16348,0.16348,0.16348
10/25/2023 0:00,0.20411,0.3134,0.20411,0.30313,0.20411,0.20411,0.20411
10/26/2023 0:00,0.27324,0.39654,0.27324,0.38814,0.27324,0.27324,0.27324
10/27/2023 0:00,0.33582,0.42036,0.33582,0.48155,0.33582,0.33582,0.33582
10/28/2023 0:00,0.36899,0.44045,0.36899,0.56843,0.36899,0.36899,0.36899
10/29/2023 0:00,0.34844,0.40215,0.34844,0.62494,0.34844,0.34844,0.34844
10/30/2023 0:00,0.36665,0.39374,0.36665,0.67492,0.36665,0.36665,0.36665
10/31/2023 0:00,0.33909,0.36338,0.33909,0.70388,0.33909,0.33909,0.33909
11/1/2023 0:00,0.36151,0.36525,0.36151,0.70901,0.36151,0.36151,0.36151
11/2/2023 0:00,0.33863,0.38487,0.33863,0.71415,0.33863,0.33863,0.33863
11/3/2023 0:00,0.32695,0.35638,0.32695,0.73517,0.32695,0.32695,0.32695
11/4/2023 0:00,0.22279,0.38954,0.22279,0.70715,0.22279,0.22279,0.22279
11/5/2023 0:00,0.22279,0.38487,0.22279,0.72676,0.22279,0.22279,0.22279
11/6/2023 0:00,0.2695,0.34937,0.2695,0.60252,0.2695,0.2695,0.2695
11/7/2023 0:00,0.24194,0.33816,0.24194,0.5745,0.24194,0.24194,0.24194
11/8/2023 0:00,0.23494,0.32135,0.23494,0.57823,0.23494,0.23494,0.23494
11/9/2023 0:00,0.25082,0.39468,0.25082,0.54461,0.25082,0.25082,0.25082
11/10/2023 0:00,0.24895,0.38954,0.24895,0.47595,0.24895,0.24895,0.24895
11/11/2023 0:00,0.24801,0.36665,0.24801,0.50631,0.24801,0.24801,0.24801
11/12/2023 0:00,0.24708,0.40682,0.24708,0.51611,0.24708,0.24708,0.24708
11/13/2023 0:00,0.25829,0.383,0.25829,0.51425,0.25829,0.25829,0.25829
11/14/2023 0:00,0.26156,0.34143,0.26156,0.45773,0.26156,0.26156,0.26156
11/15/2023 0:00,0.28258,0.35918,0.28258,0.47128,0.28258,0.28258,0.28258
11/16/2023 0:00,0.2723,0.33396,0.2723,0.46147,0.2723,0.2723,0.2723
11/17/2023 0:00,0.25175,0.28912,0.25175,0.41569,0.25175,0.25175,0.25175
11/18/2023 0:00,0.24475,0.31527,0.24475,0.39841,0.24475,0.24475,0.24475
11/19/2023 0:00,0.24942,0.31761,0.24942,0.39327,0.24942,0.24942,0.24942
11/20/2023 0:00,0.26109,0.37646,0.26109,0.48155,0.26109,0.26109,0.26109
11/21/2023 0:00,0.24708,0.32882,0.24708,0.47641,0.24708,0.24708,0.24708
11/22/2023 0:00,0.23681,0.27931,0.23681,0.44512,0.23681,0.23681,0.23681
11/23/2023 0:00,0.25502,0.32321,0.25502,0.40775,0.25502,0.25502,0.25502
11/24/2023 0:00,0.24942,0.32321,0.24942,0.44979,0.24942,0.24942,0.24942
11/25/2023 0:00,0.27744,0.33022,0.27744,0.44278,0.27744,0.27744,0.27744
11/26/2023 0:00,0.25736,0.32135,0.25736,0.42504,0.25736,0.25736,0.25736
11/27/2023 0:00,0.25082,0.3064,0.25082,0.4624,0.25082,0.25082,0.25082
11/28/2023 0:00,0.28211,0.32415,0.28211,0.43438,0.28211,0.28211,0.28211
11/29/2023 0:00,0.24708,0.32882,0.24708,0.39468,0.24708,0.24708,0.24708
11/30/2023 0:00,0.28538,0.28538,0.28538,0.47968,0.28538,0.28538,0.28538
12/1/2023 0:00,0.28024,0.29893,0.28024,0.42924,0.28024,0.28024,0.28024
12/2/2023 0:00,0.28678,0.32228,0.28678,0.43484,0.28678,0.28678,0.28678
12/3/2023 0:00,0.28585,0.31854,0.28585,0.43064,0.28585,0.28585,0.28585
12/4/2023 0:00,0.25829,0.31854,0.25829,0.41056,0.25829,0.25829,0.25829
12/5/2023 0:00,0.28865,0.31761,0.28865,0.46801,0.28865,0.28865,0.28865
12/6/2023 0:00,0.27651,0.34143,0.27651,0.44418,0.27651,0.27651,0.27651
12/7/2023 0:00,0.28258,0.29799,0.28258,0.48062,0.28258,0.28258,0.28258
12/8/2023 0:00,0.26109,0.32835,0.26109,0.45773,0.26109,0.26109,0.26109
12/9/2023 0:00,0.28445,0.36011,0.28445,0.49276,0.28445,0.28445,0.28445
12/10/2023 0:00,0.30546,0.36058,0.30546,0.50911,0.30546,0.30546,0.30546
12/11/2023 0:00,0.27651,0.35077,0.27651,0.53526,0.27651,0.27651,0.27651
12/12/2023 0:00,0.26763,0.33723,0.26763,0.48996,0.26763,0.26763,0.26763
12/13/2023 0:00,0.28538,0.36712,0.28538,0.53153,0.28538,0.28538,0.28538
12/14/2023 0:00,0.23727,0.35217,0.23727,0.56095,0.23727,0.23727,0.23727
12/15/2023 0:00,0.27978,0.37132,0.27978,0.49323,0.27978,0.27978,0.27978
12/16/2023 0:00,0.25782,0.30313,0.25782,0.50724,0.25782,0.25782,0.25782
12/17/2023 0:00,0.26483,0.29145,0.26483,0.49696,0.26483,0.26483,0.26483
12/18/2023 0:00,0.2723,0.28258,0.2723,0.46754,0.2723,0.2723,0.2723
12/19/2023 0:00,0.21999,0.27184,0.21999,0.39327,0.21999,0.21999,0.21999
12/20/2023 0:00,0.21906,0.24615,0.21906,0.33209,0.21906,0.21906,0.21906
12/21/2023 0:00,0.23073,0.20504,0.23073,0.33302,0.23073,0.23073,0.23073
12/22/2023 0:00,0.20831,0.20458,0.20831,0.31948,0.20831,0.20831,0.20831
12/23/2023 0:00,0.21252,0.22419,0.21252,0.29192,0.21252,0.21252,0.21252
12/24/2023 0:00,0.18449,0.15834,0.18449,0.24708,0.18449,0.18449,0.18449
12/25/2023 0:00,0.18543,0.1915,0.18543,0.2695,0.18543,0.18543,0.18543
12/26/2023 0:00,0.19057,0.19617,0.19057,0.24148,0.19057,0.19057,0.19057
12/27/2023 0:00,0.16254,0.15227,0.16254,0.2256,0.16254,0.16254,0.16254
12/28/2023 0:00,0.16534,0.14479,0.16534,0.20411,0.16534,0.16534,0.16534
12/29/2023 0:00,0.18029,0.16207,0.18029,0.23587,0.18029,0.18029,0.18029
12/30/2023 0:00,0.17982,0.18262,0.17982,0.21812,0.17982,0.17982,0.17982
12/31/2023 0:00,0.17889,0.13498,0.17889,0.20691,0.17889,0.17889,0.17889
1/1/2024 0:00,0.22373,0.1957,0.22373,0.25549,0.22373,0.22373,0.22373
1/2/2024 0:00,0.22326,0.17749,0.22326,0.24615,0.22326,0.22326,0.22326
1/3/2024 0:00,0.18169,0.17795,0.18169,0.23447,0.18169,0.18169,0.18169
1/4/2024 0:00,0.15413,0.10836,0.15413,0.15927,0.15413,0.15413,0.15413
1/5/2024 0:00,0.10182,0.071929,0.10182,0.13592,0.10182,0.10182,0.10182
1/6/2024 0:00,0.10556,0.083606,0.10556,0.12284,0.10556,0.10556,0.10556
1/7/2024 0:00,0.10042,0.061653,0.10042,0.098085,0.10042,0.10042,0.10042
1/8/2024 0:00,0.072396,0.054647,0.072396,0.085007,0.072396,0.072396,0.072396
1/9/2024 0:00,0.078935,0.059785,0.078935,0.074731,0.078935,0.078935,0.078935
1/10/2024 0:00,0.070061,0.052312,0.070061,0.068192,0.070061,0.070061,0.070061
1/11/2024 0:00,0.058851,0.0383,0.058851,0.049977,0.058851,0.058851,0.058851
1/12/2024 0:00,0.042036,0.028958,0.042036,0.045306,0.042036,0.042036,0.042036
1/13/2024 0:00,0.061186,0.025222,0.061186,0.039234,0.061186,0.061186,0.061186
1/14/2024 0:00,0.047641,0.033162,0.047641,0.042036,0.047641,0.047641,0.047641
1/15/2024 0:00,0.035497,0.034096,0.035497,0.031294,0.035497,0.035497,0.035497
1/16/2024 0:00,0.045773,0.034096,0.045773,0.026156,0.045773,0.045773,0.045773
1/17/2024 0:00,0.026623,0.029426,0.026623,0.032695,0.026623,0.026623,0.026623
1/18/2024 0:00,0.036899,0.034096,0.036899,0.044839,0.036899,0.036899,0.036899
1/19/2024 0:00,0.039234,0.042504,0.039234,0.043438,0.039234,0.039234,0.039234
1/20/2024 0:00,0.042036,0.043438,0.042036,0.034563,0.042036,0.042036,0.042036
1/21/2024 0:00,0.029426,0.045773,0.029426,0.033629,0.029426,0.029426,0.029426
1/22/2024 0:00,0.030827,0.060719,0.030827,0.043905,0.030827,0.030827,0.030827
1/23/2024 0:00,0.048108,0.070528,0.048108,0.066324,0.048108,0.048108,0.048108
1/24/2024 0:00,0.053713,0.099019,0.053713,0.08454,0.053713,0.053713,0.053713
1/25/2024 0:00,0.056049,0.10229,0.056049,0.09575,0.056049,0.056049,0.056049
1/26/2024 0:00,0.094348,0.14339,0.094348,0.1163,0.094348,0.094348,0.094348
1/27/2024 0:00,0.12611,0.21859,0.12611,0.18776,0.12611,0.12611,0.12611
1/28/2024 0:00,0.16348,0.24848,0.16348,0.2354,0.16348,0.16348,0.16348
1/29/2024 0:00,0.17795,0.27043,0.17795,0.27511,0.17795,0.17795,0.17795
1/30/2024 0:00,0.26109,0.37412,0.26109,0.37459,0.26109,0.26109,0.26109
1/31/2024 0:00,0.31247,0.44278,0.31247,0.48295,0.31247,0.31247,0.31247
2/1/2024 0:00,0.35217,0.43905,0.35217,0.52546,0.35217,0.35217,0.35217
2/2/2024 0:00,0.35591,0.41242,0.35591,0.57777,0.35591,0.35591,0.35591
2/3/2024 0:00,0.36992,0.40402,0.36992,0.61607,0.36992,0.36992,0.36992
2/4/2024 0:00,0.38954,0.36618,0.38954,0.64783,0.38954,0.38954,0.38954
2/5/2024 0:00,0.34937,0.37039,0.34937,0.69267,0.34937,0.34937,0.34937
2/6/2024 0:00,0.36759,0.39841,0.36759,0.70901,0.36759,0.36759,0.36759
2/7/2024 0:00,0.37506,0.37132,0.37506,0.75993,0.37506,0.37506,0.37506
2/8/2024 0:00,0.39421,0.36759,0.39421,0.73704,0.39421,0.39421,0.39421
2/9/2024 0:00,0.42457,0.37412,0.42457,0.74078,0.42457,0.42457,0.42457
2/10/2024 0:00,0.40355,0.35357,0.40355,0.73564,0.40355,0.40355,0.40355
2/11/2024 0:00,0.42784,0.39608,0.42784,0.74171,0.42784,0.42784,0.42784
2/12/2024 0:00,0.36945,0.40168,0.36945,0.68099,0.36945,0.36945,0.36945
2/13/2024 0:00,0.36805,0.40822,0.36805,0.6497,0.36805,0.36805,0.36805
2/14/2024 0:00,0.33396,0.38393,0.33396,0.54554,0.33396,0.33396,0.33396
2/15/2024 0:00,0.35965,0.39748,0.35965,0.54787,0.35965,0.35965,0.35965
2/16/2024 0:00,0.3517,0.39047,0.3517,0.54414,0.3517,0.3517,0.3517
2/17/2024 0:00,0.34563,0.3886,0.34563,0.51658,0.34563,0.34563,0.34563
2/18/2024 0:00,0.33255,0.37926,0.33255,0.45493,0.33255,0.33255,0.33255
2/19/2024 0:00,0.35077,0.35497,0.35077,0.46147,0.35077,0.35077,0.35077
2/20/2024 0:00,0.33536,0.32788,0.33536,0.40168,0.33536,0.33536,0.33536
2/21/2024 0:00,0.32135,0.37039,0.32135,0.45213,0.32135,0.32135,0.32135
2/22/2024 0:00,0.30406,0.32975,0.30406,0.42036,0.30406,0.30406,0.30406
2/23/2024 0:00,0.32275,0.33396,0.32275,0.40915,0.32275,0.32275,0.32275
2/24/2024 0:00,0.34844,0.33629,0.34844,0.46707,0.34844,0.34844,0.34844
2/25/2024 0:00,0.31434,0.37506,0.31434,0.47968,0.31434,0.31434,0.31434
2/26/2024 0:00,0.32882,0.33536,0.32882,0.45866,0.32882,0.32882,0.32882
2/27/2024 0:00,0.31387,0.34096,0.31387,0.45913,0.31387,0.31387,0.31387
2/28/2024 0:00,0.28258,0.33769,0.28258,0.44185,0.28258,0.28258,0.28258
2/29/2024 0:00,0.31901,0.29612,0.31901,0.43718,0.31901,0.31901,0.31901
3/1/2024 0:00,0.26203,0.32415,0.26203,0.43765,0.26203,0.26203,0.26203
3/2/2024 0:00,0.29659,0.3475,0.29659,0.40495,0.29659,0.29659,0.29659
3/3/2024 0:00,0.27744,0.37085,0.27744,0.44325,0.27744,0.27744,0.27744
3/4/2024 0:00,0.27137,0.35731,0.27137,0.46147,0.27137,0.27137,0.27137
3/5/2024 0:00,0.25689,0.32602,0.25689,0.47128,0.25689,0.25689,0.25689
3/6/2024 0:00,0.27837,0.30453,0.27837,0.42457,0.27837,0.27837,0.27837
3/7/2024 0:00,0.28678,0.37459,0.28678,0.4638,0.28678,0.28678,0.28678
3/8/2024 0:00,0.26576,0.36478,0.26576,0.45306,0.26576,0.26576,0.26576
3/9/2024 0:00,0.25362,0.34096,0.25362,0.50257,0.25362,0.25362,0.25362
3/10/2024 0:00,0.29799,0.3886,0.29799,0.53246,0.29799,0.29799,0.29799
3/11/2024 0:00,0.28071,0.3489,0.28071,0.49743,0.28071,0.28071,0.28071
3/12/2024 0:00,0.30873,0.3489,0.30873,0.52966,0.30873,0.30873,0.30873
3/13/2024 0:00,0.28258,0.33956,0.28258,0.50537,0.28258,0.28258,0.28258
3/14/2024 0:00,0.28818,0.37179,0.28818,0.51191,0.28818,0.28818,0.28818
3/15/2024 0:00,0.29379,0.40215,0.29379,0.54227,0.29379,0.29379,0.29379
3/16/2024 0:00,0.3022,0.383,0.3022,0.52032,0.3022,0.3022,0.3022
3/17/2024 0:00,0.26436,0.36945,0.26436,0.51331,0.26436,0.26436,0.26436
3/18/2024 0:00,0.27511,0.35824,0.27511,0.5035,0.27511,0.27511,0.27511
3/19/2024 0:00,0.25362,0.37319,0.25362,0.52172,0.25362,0.25362,0.25362
3/20/2024 0:00,0.23774,0.35731,0.23774,0.51284,0.23774,0.23774,0.23774
3/21/2024 0:00,0.25782,0.34657,0.25782,0.5007,0.25782,0.25782,0.25782
3/22/2024 0:00,0.27744,0.35731,0.27744,0.48809,0.27744,0.27744,0.27744
3/23/2024 0:00,0.27884,0.32228,0.27884,0.55582,0.27884,0.27884,0.27884
3/24/2024 0:00,0.27744,0.32415,0.27744,0.52732,0.27744,0.27744,0.27744
3/25/2024 0:00,0.26576,0.31854,0.26576,0.44325,0.26576,0.26576,0.26576
3/26/2024 0:00,0.29379,0.30827,0.29379,0.4638,0.29379,0.29379,0.29379
3/27/2024 0:00,0.27837,0.28164,0.27837,0.41943,0.27837,0.27837,0.27837
3/28/2024 0:00,0.24942,0.2737,0.24942,0.38674,0.24942,0.24942,0.24942
3/29/2024 0:00,0.25502,0.25082,0.25502,0.3461,0.25502,0.25502,0.25502
3/30/2024 0:00,0.2256,0.24848,0.2256,0.33489,0.2256,0.2256,0.2256
3/31/2024 0:00,0.22746,0.23073,0.22746,0.31854,0.22746,0.22746,0.22746
4/1/2024 0:00,0.21906,0.21392,0.21906,0.31481,0.21906,0.21906,0.21906
4/2/2024 0:00,0.22793,0.23307,0.22793,0.30733,0.22793,0.22793,0.22793
4/3/2024 0:00,0.25082,0.21439,0.25082,0.28725,0.25082,0.25082,0.25082
4/4/2024 0:00,0.26016,0.227,0.26016,0.30266,0.26016,0.26016,0.26016
4/5/2024 0:00,0.27043,0.20691,0.27043,0.28351,0.27043,0.27043,0.27043
4/6/2024 0:00,0.23494,0.18543,0.23494,0.26903,0.23494,0.23494,0.23494
4/7/2024 0:00,0.23167,0.23027,0.23167,0.26343,0.23167,0.23167,0.23167
4/8/2024 0:00,0.24054,0.19103,0.24054,0.25689,0.24054,0.24054,0.24054
4/9/2024 0:00,0.21766,0.17001,0.21766,0.24895,0.21766,0.21766,0.21766
4/10/2024 0:00,0.20972,0.13825,0.20972,0.23167,0.20972,0.20972,0.20972
4/11/2024 0:00,0.22326,0.13919,0.22326,0.2312,0.22326,0.22326,0.22326
4/12/2024 0:00,0.18776,0.11537,0.18776,0.20037,0.18776,0.18776,0.18776
4/13/2024 0:00,0.18169,0.10135,0.18169,0.1873,0.18169,0.18169,0.18169
4/14/2024 0:00,0.060719,0.048575,0.060719,0.066791,0.060719,0.060719,0.060719
4/15/2024 0:00,0.060719,0.051378,0.060719,0.050444,0.060719,0.060719,0.060719
4/16/2024 0:00,0.066791,0.035497,0.066791,0.054647,0.066791,0.066791,0.066791
4/17/2024 0:00,0.054647,0.035497,0.054647,0.044839,0.054647,0.054647,0.054647
4/18/2024 0:00,0.045773,0.023821,0.045773,0.036899,0.045773,0.045773,0.045773
4/19/2024 0:00,0.0383,0.03036,0.0383,0.031294,0.0383,0.0383,0.0383
4/20/2024 0:00,0.029893,0.022419,0.029893,0.030827,0.029893,0.029893,0.029893
4/21/2024 0:00,0.029426,0.028024,0.029426,0.026623,0.029426,0.029426,0.029426
4/22/2024 0:00,0.035497,0.014479,0.035497,0.024755,0.035497,0.035497,0.035497
4/23/2024 0:00,0.037366,0.026156,0.037366,0.030827,0.037366,0.037366,0.037366
4/24/2024 0:00,0.028958,0.032695,0.028958,0.024288,0.028958,0.028958,0.028958
4/25/2024 0:00,0.030827,0.040168,0.030827,0.0383,0.030827,0.030827,0.030827
4/26/2024 0:00,0.033162,0.03503,0.033162,0.029893,0.033162,0.033162,0.033162
4/27/2024 0:00,0.032695,0.048108,0.032695,0.03503,0.032695,0.032695,0.032695
4/28/2024 0:00,0.048108,0.077534,0.048108,0.04951,0.048108,0.048108,0.048108
4/29/2024 0:00,0.052779,0.069127,0.052779,0.061653,0.052779,0.052779,0.052779
4/30/2024 0:00,0.066791,0.1205,0.066791,0.085007,0.066791,0.066791,0.066791
5/1/2024 0:00,0.097618,0.16067,0.097618,0.13498,0.097618,0.097618,0.097618
5/2/2024 0:00,0.1873,0.22606,0.1873,0.1901,0.1873,0.1873,0.1873
5/3/2024 0:00,0.20645,0.25829,0.20645,0.24148,0.20645,0.20645,0.20645
5/4/2024 0:00,0.2695,0.28211,0.2695,0.24708,0.2695,0.2695,0.2695
5/5/2024 0:00,0.32602,0.39794,0.32602,0.38627,0.32602,0.32602,0.32602
5/6/2024 0:00,0.40355,0.45726,0.40355,0.45166,0.40355,0.40355,0.40355
5/7/2024 0:00,0.46007,0.43438,0.46007,0.53433,0.46007,0.46007,0.46007
5/8/2024 0:00,0.44325,0.42971,0.44325,0.61653,0.44325,0.44325,0.44325
5/9/2024 0:00,0.44932,0.37646,0.44932,0.65016,0.44932,0.44932,0.44932
5/10/2024 0:00,0.41709,0.37926,0.41709,0.6497,0.41709,0.41709,0.41709
5/11/2024 0:00,0.41336,0.27464,0.41336,0.6866,0.41336,0.41336,0.41336
5/12/2024 0:00,0.35684,0.31107,0.35684,0.71135,0.35684,0.35684,0.35684
5/13/2024 0:00,0.38814,0.36432,0.38814,0.70715,0.38814,0.38814,0.38814
5/14/2024 0:00,0.37085,0.36899,0.37085,0.65437,0.37085,0.37085,0.37085
5/15/2024 0:00,0.35638,0.40542,0.35638,0.68986,0.35638,0.35638,0.35638
5/16/2024 0:00,0.37272,0.3517,0.37272,0.70668,0.37272,0.37272,0.37272
5/17/2024 0:00,0.30873,0.34844,0.30873,0.66324,0.30873,0.30873,0.30873
5/18/2024 0:00,0.29939,0.37926,0.29939,0.63055,0.29939,0.29939,0.29939
5/19/2024 0:00,0.22746,0.39374,0.22746,0.56189,0.22746,0.22746,0.22746
5/20/2024 0:00,0.23681,0.40402,0.23681,0.46801,0.23681,0.23681,0.23681
5/21/2024 0:00,0.24988,0.37366,0.24988,0.47034,0.24988,0.24988,0.24988
5/22/2024 0:00,0.28958,0.37412,0.28958,0.46474,0.28958,0.28958,0.28958
5/23/2024 0:00,0.28725,0.3872,0.28725,0.45586,0.28725,0.28725,0.28725
5/24/2024 0:00,0.30687,0.36712,0.30687,0.45633,0.30687,0.30687,0.30687
5/25/2024 0:00,0.3064,0.33302,0.3064,0.4269,0.3064,0.3064,0.3064
5/26/2024 0:00,0.29939,0.3489,0.29939,0.41336,0.29939,0.29939,0.29939
5/27/2024 0:00,0.30733,0.31621,0.30733,0.38347,0.30733,0.30733,0.30733
5/28/2024 0:00,0.26203,0.31154,0.26203,0.38113,0.26203,0.26203,0.26203
5/29/2024 0:00,0.25876,0.31994,0.25876,0.39701,0.25876,0.25876,0.25876
5/30/2024 0:00,0.32508,0.32321,0.32508,0.41569,0.32508,0.32508,0.32508
5/31/2024 0:00,0.2653,0.3433,0.2653,0.44138,0.2653,0.2653,0.2653
6/1/2024 0:00,0.26576,0.33816,0.26576,0.39047,0.26576,0.26576,0.26576
6/2/2024 0:00,0.24708,0.32181,0.24708,0.41523,0.24708,0.24708,0.24708
6/3/2024 0:00,0.305,0.32975,0.305,0.42223,0.305,0.305,0.305
6/4/2024 0:00,0.29659,0.29939,0.29659,0.40775,0.29659,0.29659,0.29659
6/5/2024 0:00,0.26249,0.32135,0.26249,0.36992,0.26249,0.26249,0.26249
6/6/2024 0:00,0.32835,0.31621,0.32835,0.39374,0.32835,0.32835,0.32835
6/7/2024 0:00,0.29612,0.32648,0.29612,0.39327,0.29612,0.29612,0.29612
6/8/2024 0:00,0.28398,0.32088,0.28398,0.40775,0.28398,0.28398,0.28398
6/9/2024 0:00,0.28305,0.3022,0.28305,0.38393,0.28305,0.28305,0.28305
6/10/2024 0:00,0.32321,0.33209,0.32321,0.40262,0.32321,0.32321,0.32321
6/11/2024 0:00,0.32648,0.32555,0.32648,0.43858,0.32648,0.32648,0.32648
6/12/2024 0:00,0.3078,0.29426,0.3078,0.40962,0.3078,0.3078,0.3078
6/13/2024 0:00,0.32555,0.31621,0.32555,0.39514,0.32555,0.32555,0.32555
6/14/2024 0:00,0.33302,0.31247,0.33302,0.4255,0.33302,0.33302,0.33302
6/15/2024 0:00,0.32368,0.30967,0.32368,0.40028,0.32368,0.32368,0.32368
6/16/2024 0:00,0.33676,0.33489,0.33676,0.48062,0.33676,0.33676,0.33676
6/17/2024 0:00,0.33489,0.3092,0.33489,0.42971,0.33489,0.33489,0.33489
6/18/2024 0:00,0.34984,0.35638,0.34984,0.47641,0.34984,0.34984,0.34984
6/19/2024 0:00,0.31527,0.37366,0.31527,0.43391,0.31527,0.31527,0.31527
6/20/2024 0:00,0.31294,0.37693,0.31294,0.49556,0.31294,0.31294,0.31294
6/21/2024 0:00,0.312,0.33022,0.312,0.48949,0.312,0.312,0.312
6/22/2024 0:00,0.3134,0.36151,0.3134,0.49183,0.3134,0.3134,0.3134
6/23/2024 0:00,0.24895,0.31527,0.24895,0.461,0.24895,0.24895,0.24895
6/24/2024 0:00,0.28818,0.32321,0.28818,0.42177,0.28818,0.28818,0.28818
6/25/2024 0:00,0.28024,0.32555,0.28024,0.42597,0.28024,0.28024,0.28024
6/26/2024 0:00,0.28631,0.30173,0.28631,0.42083,0.28631,0.28631,0.28631
6/27/2024 0:00,0.27931,0.27604,0.27931,0.38533,0.27931,0.27931,0.27931
6/28/2024 0:00,0.23447,0.26296,0.23447,0.36245,0.23447,0.23447,0.23447
6/29/2024 0:00,0.23681,0.24194,0.23681,0.33582,0.23681,0.23681,0.23681
6/30/2024 0:00,0.234,0.2312,0.234,0.32975,0.234,0.234,0.234
7/1/2024 0:00,0.26156,0.22233,0.26156,0.29846,0.26156,0.26156,0.26156
7/2/2024 0:00,0.22606,0.19243,0.22606,0.25269,0.22606,0.22606,0.22606
7/3/2024 0:00,0.21672,0.16394,0.21672,0.23914,0.21672,0.21672,0.21672
7/4/2024 0:00,0.23587,0.17515,0.23587,0.26576,0.23587,0.23587,0.23587
7/5/2024 0:00,0.19057,0.16067,0.19057,0.23027,0.19057,0.19057,0.19057
7/6/2024 0:00,0.21859,0.17422,0.21859,0.22046,0.21859,0.21859,0.21859
7/7/2024 0:00,0.1873,0.14806,0.1873,0.21392,0.1873,0.1873,0.1873
7/8/2024 0:00,0.19944,0.17282,0.19944,0.21065,0.19944,0.19944,0.19944
7/9/2024 0:00,0.18076,0.1546,0.18076,0.17749,0.18076,0.18076,0.18076
7/10/2024 0:00,0.16908,0.13919,0.16908,0.20271,0.16908,0.16908,0.16908
7/11/2024 0:00,0.19243,0.12798,0.19243,0.1901,0.19243,0.19243,0.19243
7/12/2024 0:00,0.17375,0.12004,0.17375,0.18449,0.17375,0.17375,0.17375
7/13/2024 0:00,0.14666,0.10696,0.14666,0.15974,0.14666,0.14666,0.14666
7/14/2024 0:00,0.12751,0.087342,0.12751,0.14106,0.12751,0.12751,0.12751
7/15/2024 0:00,0.11443,0.086408,0.11443,0.11537,0.11443,0.11443,0.11443
7/16/2024 0:00,0.1149,0.062588,0.1149,0.10276,0.1149,0.1149,0.1149
7/17/2024 0:00,0.082672,0.051378,0.082672,0.077067,0.082672,0.082672,0.082672
7/18/2024 0:00,0.071929,0.04624,0.071929,0.070995,0.071929,0.071929,0.071929
7/19/2024 0:00,0.060252,0.04624,0.060252,0.056516,0.060252,0.060252,0.060252
7/20/2024 0:00,0.070061,0.044372,0.070061,0.061653,0.070061,0.070061,0.070061
7/21/2024 0:00,0.070061,0.051378,0.070061,0.048108,0.070061,0.070061,0.070061
7/22/2024 0:00,0.063989,0.036899,0.063989,0.051378,0.063989,0.063989,0.063989
7/23/2024 0:00,0.051378,0.029426,0.051378,0.03503,0.051378,0.051378,0.051378
7/24/2024 0:00,0.037366,0.042504,0.037366,0.0383,0.037366,0.037366,0.037366
7/25/2024 0:00,0.042504,0.032228,0.042504,0.024755,0.042504,0.042504,0.042504
7/26/2024 0:00,0.029426,0.021952,0.029426,0.026623,0.029426,0.029426,0.029426
7/27/2024 0:00,0.034563,0.030827,0.034563,0.034563,0.034563,0.034563,0.034563
7/28/2024 0:00,0.039234,0.032695,0.039234,0.037833,0.039234,0.039234,0.039234
7/29/2024 0:00,0.028024,0.031294,0.028024,0.034563,0.028024,0.028024,0.028024
7/30/2024 0:00,0.026623,0.035965,0.026623,0.028491,0.026623,0.026623,0.026623
7/31/2024 0:00,0.026156,0.051845,0.026156,0.0383,0.026156,0.026156,0.026156
8/1/2024 0:00,0.023821,0.056983,0.023821,0.031294,0.023821,0.023821,0.023821
8/2/2024 0:00,0.033162,0.068192,0.033162,0.048575,0.033162,0.033162,0.033162
8/3/2024 0:00,0.050444,0.070995,0.050444,0.061186,0.050444,0.050444,0.050444
8/4/2024 0:00,0.058851,0.10322,0.058851,0.063055,0.058851,0.058851,0.058851
8/5/2024 0:00,0.090145,0.17095,0.090145,0.10789,0.090145,0.090145,0.090145
8/6/2024 0:00,0.13872,0.22513,0.13872,0.17702,0.13872,0.13872,0.13872
8/7/2024 0:00,0.1532,0.25549,0.1532,0.22513,0.1532,0.1532,0.1532
8/8/2024 0:00,0.22513,0.27557,0.22513,0.26857,0.22513,0.22513,0.22513
8/9/2024 0:00,0.28538,0.39234,0.28538,0.36245,0.28538,0.28538,0.28538
8/10/2024 0:00,0.3461,0.46287,0.3461,0.49136,0.3461,0.3461,0.3461
8/11/2024 0:00,0.38066,0.45072,0.38066,0.53853,0.38066,0.38066,0.38066
8/12/2024 0:00,0.40635,0.41149,0.40635,0.64876,0.40635,0.40635,0.40635
8/13/2024 0:00,0.38533,0.41616,0.38533,0.66184,0.38533,0.38533,0.38533
8/14/2024 0:00,0.35824,0.39468,0.35824,0.67819,0.35824,0.35824,0.35824
8/15/2024 0:00,0.35778,0.37926,0.35778,0.70248,0.35778,0.35778,0.35778
8/16/2024 0:00,0.33489,0.37739,0.33489,0.71602,0.33489,0.33489,0.33489
8/17/2024 0:00,0.32742,0.37879,0.32742,0.72676,0.32742,0.32742,0.32742
8/18/2024 0:00,0.31667,0.37366,0.31667,0.70248,0.31667,0.31667,0.31667
8/19/2024 0:00,0.33582,0.38066,0.33582,0.64082,0.33582,0.33582,0.33582
8/20/2024 0:00,0.3405,0.33489,0.3405,0.61,0.3405,0.3405,0.3405
8/21/2024 0:00,0.29519,0.3872,0.29519,0.6128,0.29519,0.29519,0.29519
8/22/2024 0:00,0.29332,0.35451,0.29332,0.61093,0.29332,0.29332,0.29332
8/23/2024 0:00,0.29612,0.38627,0.29612,0.52872,0.29612,0.29612,0.29612
8/24/2024 0:00,0.19383,0.37506,0.19383,0.50584,0.19383,0.19383,0.19383
8/25/2024 0:00,0.21766,0.38113,0.21766,0.45866,0.21766,0.21766,0.21766
8/26/2024 0:00,0.21252,0.40028,0.21252,0.46847,0.21252,0.21252,0.21252
8/27/2024 0:00,0.27557,0.3447,0.27557,0.46754,0.27557,0.27557,0.27557
8/28/2024 0:00,0.24334,0.32742,0.24334,0.42177,0.24334,0.24334,0.24334
8/29/2024 0:00,0.27277,0.34703,0.27277,0.44278,0.27277,0.27277,0.27277
8/30/2024 0:00,0.29659,0.31901,0.29659,0.41663,0.29659,0.29659,0.29659
8/31/2024 0:00,0.31247,0.33162,0.31247,0.38533,0.31247,0.31247,0.31247
9/1/2024 0:00,0.27137,0.28538,0.27137,0.35871,0.27137,0.27137,0.27137
9/2/2024 0:00,0.3092,0.33442,0.3092,0.39327,0.3092,0.3092,0.3092
9/3/2024 0:00,0.3134,0.3419,0.3134,0.44278,0.3134,0.3134,0.3134
9/4/2024 0:00,0.28071,0.34844,0.28071,0.461,0.28071,0.28071,0.28071
9/5/2024 0:00,0.29379,0.32929,0.29379,0.44886,0.29379,0.29379,0.29379
9/6/2024 0:00,0.30687,0.31107,0.30687,0.41336,0.30687,0.30687,0.30687
9/7/2024 0:00,0.32602,0.32321,0.32602,0.41149,0.32602,0.32602,0.32602
9/8/2024 0:00,0.28865,0.32742,0.28865,0.44185,0.28865,0.28865,0.28865
9/9/2024 0:00,0.33255,0.305,0.33255,0.37786,0.33255,0.33255,0.33255
9/10/2024 0:00,0.3022,0.30687,0.3022,0.41336,0.3022,0.3022,0.3022
9/11/2024 0:00,0.29145,0.31667,0.29145,0.40775,0.29145,0.29145,0.29145
9/12/2024 0:00,0.33302,0.31481,0.33302,0.42784,0.33302,0.33302,0.33302
9/13/2024 0:00,0.29519,0.30266,0.29519,0.41336,0.29519,0.29519,0.29519
9/14/2024 0:00,0.34563,0.31014,0.34563,0.37412,0.34563,0.34563,0.34563
9/15/2024 0:00,0.29145,0.32228,0.29145,0.41709,0.29145,0.29145,0.29145
9/16/2024 0:00,0.33909,0.30406,0.33909,0.41383,0.33909,0.33909,0.33909
9/17/2024 0:00,0.33442,0.30033,0.33442,0.38954,0.33442,0.33442,0.33442
9/18/2024 0:00,0.30453,0.33816,0.30453,0.43624,0.30453,0.30453,0.30453
9/19/2024 0:00,0.32788,0.32882,0.32788,0.45539,0.32788,0.32788,0.32788
9/20/2024 0:00,0.32321,0.33255,0.32321,0.46474,0.32321,0.32321,0.32321
9/21/2024 0:00,0.35965,0.36759,0.35965,0.43811,0.35965,0.35965,0.35965
9/22/2024 0:00,0.3419,0.35731,0.3419,0.52639,0.3419,0.3419,0.3419
9/23/2024 0:00,0.30873,0.35544,0.30873,0.47735,0.30873,0.30873,0.30873
9/24/2024 0:00,0.25409,0.36432,0.25409,0.51845,0.25409,0.25409,0.25409
9/25/2024 0:00,0.24101,0.36385,0.24101,0.48482,0.24101,0.24101,0.24101
9/26/2024 0:00,0.23447,0.3802,0.23447,0.52592,0.23447,0.23447,0.23447
9/27/2024 0:00,0.2284,0.35731,0.2284,0.47875,0.2284,0.2284,0.2284
9/28/2024 0:00,0.1971,0.33396,0.1971,0.46941,0.1971,0.1971,0.1971
9/29/2024 0:00,0.19524,0.31387,0.19524,0.49043,0.19524,0.19524,0.19524
9/30/2024 0:00,0.26623,0.30406,0.26623,0.49323,0.26623,0.26623,0.26623
10/1/2024 0:00,0.23307,0.31014,0.23307,0.42644,0.23307,0.23307,0.23307
10/2/2024 0:00,0.2284,0.24521,0.2284,0.37319,0.2284,0.2284,0.2284
10/3/2024 0:00,0.24194,0.27884,0.24194,0.35965,0.24194,0.24194,0.24194
10/4/2024 0:00,0.2312,0.23727,0.2312,0.36712,0.2312,0.2312,0.2312
10/5/2024 0:00,0.22279,0.234,0.22279,0.32321,0.22279,0.22279,0.22279
10/6/2024 0:00,0.22466,0.20411,0.22466,0.28865,0.22466,0.22466,0.22466
10/7/2024 0:00,0.20131,0.17936,0.20131,0.25922,0.20131,0.20131,0.20131
10/8/2024 0:00,0.20645,0.17842,0.20645,0.2737,0.20645,0.20645,0.20645
10/9/2024 0:00,0.18309,0.19617,0.18309,0.25128,0.18309,0.18309,0.18309
10/10/2024 0:00,0.16067,0.14619,0.16067,0.23961,0.16067,0.16067,0.16067
10/11/2024 0:00,0.18262,0.15273,0.18262,0.22513,0.18262,0.18262,0.18262
10/12/2024 0:00,0.19804,0.16721,0.19804,0.2298,0.19804,0.19804,0.19804
10/13/2024 0:00,0.16955,0.16394,0.16955,0.22139,0.16955,0.16955,0.16955
10/14/2024 0:00,0.16394,0.149,0.16394,0.22887,0.16394,0.16394,0.16394
10/15/2024 0:00,0.17609,0.14246,0.17609,0.21392,0.17609,0.17609,0.17609
10/16/2024 0:00,0.16067,0.13078,0.16067,0.17982,0.16067,0.16067,0.16067
10/17/2024 0:00,0.13312,0.1121,0.13312,0.17468,0.13312,0.13312,0.13312
10/18/2024 0:00,0.12891,0.10883,0.12891,0.15086,0.12891,0.12891,0.12891
10/19/2024 0:00,0.10135,0.087809,0.10135,0.10556,0.10135,0.10135,0.10135
10/20/2024 0:00,0.097151,0.081738,0.097151,0.10135,0.097151,0.097151,0.097151
10/21/2024 0:00,0.085941,0.069594,0.085941,0.085007,0.085941,0.085941,0.085941
10/22/2024 0:00,0.063055,0.066324,0.063055,0.072863,0.063055,0.063055,0.063055
10/23/2024 0:00,0.071929,0.052779,0.071929,0.065857,0.071929,0.071929,0.071929
10/24/2024 0:00,0.049977,0.034096,0.049977,0.05745,0.049977,0.049977,0.049977
10/25/2024 0:00,0.042504,0.031294,0.042504,0.047174,0.042504,0.042504,0.042504
10/26/2024 0:00,0.032695,0.039701,0.032695,0.033629,0.032695,0.032695,0.032695
10/27/2024 0:00,0.040168,0.028491,0.040168,0.036899,0.040168,0.040168,0.040168
10/28/2024 0:00,0.039234,0.021952,0.039234,0.033162,0.039234,0.039234,0.039234
10/29/2024 0:00,0.022419,0.024755,0.022419,0.022419,0.022419,0.022419,0.022419
10/30/2024 0:00,0.022887,0.023354,0.022887,0.028024,0.022887,0.022887,0.022887
10/31/2024 0:00,0.021485,0.02709,0.021485,0.021952,0.021485,0.021485,0.021485
11/1/2024 0:00,0.025689,0.01915,0.025689,0.024288,0.025689,0.025689,0.025689
11/2/2024 0:00,0.017749,0.02709,0.017749,0.024288,0.017749,0.017749,0.017749
11/3/2024 0:00,0.021018,0.038767,0.021018,0.026156,0.021018,0.021018,0.021018
11/4/2024 0:00,0.022419,0.040168,0.022419,0.026156,0.022419,0.022419,0.022419
11/5/2024 0:00,0.033629,0.055114,0.033629,0.03503,0.033629,0.033629,0.033629
11/6/2024 0:00,0.036899,0.072863,0.036899,0.051845,0.036899,0.036899,0.036899
11/7/2024 0:00,0.056049,0.078001,0.056049,0.066791,0.056049,0.056049,0.056049
11/8/2024 0:00,0.056983,0.1191,0.056983,0.085474,0.056983,0.056983,0.056983
11/9/2024 0:00,0.086408,0.18543,0.086408,0.13125,0.086408,0.086408,0.086408
11/10/2024 0:00,0.14199,0.21579,0.14199,0.20458,0.14199,0.14199,0.14199
11/11/2024 0:00,0.18403,0.29986,0.18403,0.25782,0.18403,0.18403,0.18403
11/12/2024 0:00,0.19477,0.35824,0.19477,0.29939,0.19477,0.19477,0.19477
11/13/2024 0:00,0.26063,0.39047,0.26063,0.38814,0.26063,0.26063,0.26063
11/14/2024 0:00,0.35451,0.43858,0.35451,0.52032,0.35451,0.35451,0.35451
11/15/2024 0:00,0.37553,0.47875,0.37553,0.53526,0.37553,0.37553,0.37553
11/16/2024 0:00,0.38347,0.42036,0.38347,0.59131,0.38347,0.38347,0.38347
11/17/2024 0:00,0.3802,0.41803,0.3802,0.67165,0.3802,0.3802,0.3802
11/18/2024 0:00,0.36011,0.39608,0.36011,0.69173,0.36011,0.36011,0.36011
11/19/2024 0:00,0.34517,0.36945,0.34517,0.72863,0.34517,0.34517,0.34517
11/20/2024 0:00,0.33162,0.36105,0.33162,0.71462,0.33162,0.33162,0.33162
11/21/2024 0:00,0.305,0.36338,0.305,0.71649,0.305,0.305,0.305
11/22/2024 0:00,0.28585,0.34376,0.28585,0.74965,0.28585,0.28585,0.28585
11/23/2024 0:00,0.27978,0.35124,0.27978,0.6142,0.27978,0.27978,0.27978
11/24/2024 0:00,0.25455,0.37786,0.25455,0.60906,0.25455,0.25455,0.25455
11/25/2024 0:00,0.22373,0.383,0.22373,0.54554,0.22373,0.22373,0.22373
11/26/2024 0:00,0.24475,0.38113,0.24475,0.5007,0.24475,0.24475,0.24475
11/27/2024 0:00,0.2326,0.37646,0.2326,0.49136,0.2326,0.2326,0.2326
11/28/2024 0:00,0.2326,0.35684,0.2326,0.49463,0.2326,0.2326,0.2326
11/29/2024 0:00,0.21298,0.39141,0.21298,0.47781,0.21298,0.21298,0.21298
11/30/2024 0:00,0.22419,0.36291,0.22419,0.49089,0.22419,0.22419,0.22419
12/1/2024 0:00,0.25829,0.37693,0.25829,0.47314,0.25829,0.25829,0.25829
12/2/2024 0:00,0.23354,0.38206,0.23354,0.47268,0.23354,0.23354,0.23354
12/3/2024 0:00,0.25736,0.35871,0.25736,0.49043,0.25736,0.25736,0.25736
12/4/2024 0:00,0.28678,0.33442,0.28678,0.42644,0.28678,0.28678,0.28678
12/5/2024 0:00,0.25502,0.32461,0.25502,0.43111,0.25502,0.25502,0.25502
12/6/2024 0:00,0.25455,0.30406,0.25455,0.40729,0.25455,0.25455,0.25455
12/7/2024 0:00,0.24194,0.36759,0.24194,0.39421,0.24194,0.24194,0.24194
12/8/2024 0:00,0.24615,0.36432,0.24615,0.40589,0.24615,0.24615,0.24615
12/9/2024 0:00,0.24895,0.3489,0.24895,0.44138,0.24895,0.24895,0.24895
12/10/2024 0:00,0.27417,0.33909,0.27417,0.41943,0.27417,0.27417,0.27417
12/11/2024 0:00,0.28118,0.32742,0.28118,0.44699,0.28118,0.28118,0.28118
12/12/2024 0:00,0.25315,0.32882,0.25315,0.47174,0.25315,0.25315,0.25315
12/13/2024 0:00,0.27697,0.36011,0.27697,0.4213,0.27697,0.27697,0.27697
12/14/2024 0:00,0.29145,0.3064,0.29145,0.40075,0.29145,0.29145,0.29145
12/15/2024 0:00,0.25502,0.30967,0.25502,0.39608,0.25502,0.25502,0.25502
12/16/2024 0:00,0.26109,0.33302,0.26109,0.46707,0.26109,0.26109,0.26109
12/17/2024 0:00,0.25922,0.32602,0.25922,0.42317,0.25922,0.25922,0.25922
12/18/2024 0:00,0.26156,0.28491,0.26156,0.41149,0.26156,0.26156,0.26156
12/19/2024 0:00,0.24708,0.31294,0.24708,0.42083,0.24708,0.24708,0.24708
12/20/2024 0:00,0.24241,0.32508,0.24241,0.41663,0.24241,0.24241,0.24241
12/21/2024 0:00,0.24848,0.32788,0.24848,0.44745,0.24848,0.24848,0.24848
12/22/2024 0:00,0.25642,0.27511,0.25642,0.41476,0.25642,0.25642,0.25642
12/23/2024 0:00,0.27651,0.31107,0.27651,0.4596,0.27651,0.27651,0.27651
12/24/2024 0:00,0.27043,0.34657,0.27043,0.42784,0.27043,0.27043,0.27043
12/25/2024 0:00,0.27604,0.3503,0.27604,0.48342,0.27604,0.27604,0.27604
12/26/2024 0:00,0.28631,0.34143,0.28631,0.47735,0.28631,0.28631,0.28631
12/27/2024 0:00,0.18823,0.3461,0.18823,0.48342,0.18823,0.18823,0.18823
12/28/2024 0:00,0.17515,0.3489,0.17515,0.50023,0.17515,0.17515,0.17515
12/29/2024 0:00,0.16628,0.36899,0.16628,0.51518,0.16628,0.16628,0.16628
12/30/2024 0:00,0.21532,0.35311,0.21532,0.4979,0.21532,0.21532,0.21532
12/31/2024 0:00,0.18356,0.3517,0.18356,0.4951,0.18356,0.18356,0.18356
